Millis,BusVoltage_V,ShuntVoltage_mV,Current_A,Power_W
2157,26.757,81.918,1.638,43.838
2694,26.799,81.918,1.638,43.906
3230,26.535,81.918,1.638,43.474
3766,26.665,81.918,1.638,43.687
4302,26.830,81.918,1.638,43.957
4838,26.868,81.918,1.638,44.018
5374,26.827,81.918,1.638,43.953
5910,27.084,81.918,1.638,44.373
6446,26.734,81.918,1.638,43.799
6982,26.569,81.918,1.638,43.529
7518,26.987,81.918,1.638,44.215
8054,26.906,81.918,1.638,44.082
8590,27.045,81.918,1.638,44.309
9126,26.990,81.918,1.638,44.219
9666,27.054,81.918,1.638,44.324
10202,26.874,81.918,1.638,44.029
10739,27.016,81.918,1.638,44.262
11275,26.945,81.918,1.638,44.145
11811,27.141,81.918,1.638,44.467
12347,27.149,81.918,1.638,44.479
12884,26.469,81.918,1.638,43.365
13420,27.076,81.918,1.638,44.360
13956,26.859,81.918,1.638,44.004
14492,27.163,81.918,1.638,44.502
15029,26.823,81.918,1.638,43.945
15564,26.944,81.918,1.638,44.143
16101,27.071,81.918,1.638,44.352
16637,26.766,81.918,1.638,43.852
17174,27.151,81.918,1.638,44.483
17713,26.794,81.918,1.638,43.898
18250,27.055,81.918,1.638,44.326
18787,27.157,81.918,1.638,44.493
19323,20.849,81.918,1.638,34.158
19859,26.574,81.918,1.638,43.537
20394,40.959,81.918,1.638,67.105
20932,26.699,81.918,1.638,43.742
21468,26.806,81.918,1.638,43.918
22004,26.745,81.918,1.638,43.818
22540,26.689,81.918,1.638,43.726
23077,26.692,80.050,1.601,42.735
23613,26.919,81.918,1.638,44.102
24149,26.775,81.918,1.638,43.867
24685,26.954,81.918,1.638,44.160
25222,27.069,81.918,1.638,44.348
25758,27.241,81.918,1.638,44.631
26291,26.616,81.918,1.638,43.607
26827,28.159,81.918,1.638,46.134
27364,26.860,81.918,1.638,44.006
27900,27.032,81.918,1.638,44.289
28436,26.859,81.918,1.638,44.004
28972,27.093,81.918,1.638,44.387
29509,26.995,81.918,1.638,44.227
30044,26.910,81.918,1.638,44.088
30581,27.346,81.918,1.638,44.803
31117,27.247,81.918,1.638,44.641
31654,26.601,81.918,1.638,43.582
32190,26.824,81.918,1.638,43.947
32725,26.420,81.918,1.638,43.285
33262,27.340,81.918,1.638,44.792
33799,26.400,81.918,1.638,43.252
34339,26.980,81.918,1.638,44.203
34874,26.851,81.918,1.638,43.992
35411,26.930,81.918,1.638,44.121
35948,27.045,81.918,1.638,44.309
36484,26.954,81.918,1.638,44.160
37019,0.000,81.918,1.638,0.000
37556,26.468,81.918,1.638,43.363
38093,26.989,81.918,1.638,44.217
38629,26.933,-0.002,-0.000,-0.001
39674,27.124,78.050,1.561,42.340
40211,27.091,81.918,1.638,44.385
40748,26.939,81.918,1.638,44.135
41284,26.995,81.918,1.638,44.227
41820,26.830,81.918,1.638,43.957
42355,26.791,81.918,1.638,43.893
43406,27.059,81.107,1.622,43.893
43942,26.718,81.918,1.638,43.773
44477,27.031,81.918,1.638,44.287
45014,0.000,81.918,1.638,0.000
45551,26.520,81.918,1.638,43.449
46087,27.209,81.918,1.638,44.577
47132,0.000,81.918,1.638,0.000
47669,26.984,81.918,1.638,44.209
48204,0.000,81.918,1.638,0.000
48741,26.999,81.918,1.638,44.233
49276,26.839,81.918,1.638,43.971
50324,26.712,81.918,1.638,43.764
50859,28.159,81.918,1.638,46.134
51396,26.937,81.918,1.638,44.133
51932,26.936,81.918,1.638,44.131
52472,27.244,81.918,1.638,44.635
53007,0.000,81.918,1.638,0.000
53544,26.751,81.918,1.638,43.828
54080,27.075,81.918,1.638,44.358
55127,26.931,81.918,1.638,44.123
55663,27.184,81.918,1.638,44.536
56710,27.208,81.918,1.638,44.575
58267,26.836,81.918,1.638,43.967
59315,27.056,81.918,1.638,44.328
59851,26.906,81.918,1.638,44.082
60897,27.246,81.918,1.638,44.639
61433,26.985,81.918,1.638,44.211
61972,26.879,81.918,1.638,44.037
62508,27.048,81.918,1.638,44.313
63044,27.167,81.918,1.638,44.510
63584,40.959,81.918,1.638,67.105
64120,26.715,81.918,1.638,43.769
64656,26.931,81.918,1.638,44.123
65191,26.620,81.918,1.638,43.613
66239,27.014,81.918,1.638,44.258
66775,26.545,81.918,1.638,43.490
67310,0.000,81.918,1.638,0.000
67847,27.151,81.918,1.638,44.483
68383,26.686,81.918,1.638,43.721
68919,27.212,75.478,1.510,41.079
69455,27.160,81.918,1.638,44.498
69991,26.895,-0.002,-0.000,-0.001
70527,27.109,81.918,1.638,44.414
71063,26.907,81.918,1.638,44.084
71599,26.747,81.918,1.638,43.822
72139,27.199,81.918,1.638,44.561
72675,27.184,81.918,1.638,44.536
73721,27.021,72.073,1.441,38.950
74767,27.265,81.918,1.638,44.670
75303,26.986,81.918,1.638,44.213
76348,26.989,81.918,1.638,44.217
76885,27.083,81.918,1.638,44.371
77930,26.722,81.918,1.638,43.781
78467,26.950,81.918,1.638,44.154
79002,26.642,81.918,1.638,43.650
80049,26.756,81.918,1.638,43.836
81096,26.714,81.918,1.638,0.00
83243,27.015,81.918,1.638,44.260
83781,26.503,81.918,1.638,43.420
84846,26.756,81.918,1.638,43.836
85385,0.000,81.918,1.638,0.000
85921,26.921,81.918,1.638,44.106
86968,26.987,81.918,1.638,44.215
88013,0.000,81.918,1.638,0.000
89060,27.261,81.918,1.638,44.663
90617,27.260,81.918,1.638,44.661
91153,26.839,81.895,1.638,43.959
92199,26.640,81.918,1.638,43.646
93244,27.222,81.918,1.638,44.600
96333,27.302,81.918,1.638,44.731
96869,27.038,81.918,1.638,44.297
97405,26.705,81.918,1.638,43.752
98965,26.885,81.918,1.638,44.047
100013,26.999,81.918,1.638,44.233
100549,27.228,81.918,1.638,44.608
101595,26.879,81.918,1.638,44.037
102130,26.907,81.918,1.638,44.084
102668,27.004,81.918,1.638,44.242
103204,26.794,81.918,1.638,43.898
103739,0.000,81.918,1.638,0.000
104786,26.884,81.918,1.638,44.045
106344,26.689,81.918,1.638,43.726
106881,26.824,81.918,1.638,43.947
107417,27.216,81.918,1.638,44.590
108463,26.995,81.918,1.638,44.227
110020,26.835,81.918,1.638,43.965
111575,27.016,81.918,1.638,44.262
112115,27.076,81.918,1.638,44.360
112651,26.821,81.918,1.638,43.943
113188,26.718,81.918,1.638,43.773
114235,26.778,81.918,1.638,43.871
114771,27.052,81.918,1.638,44.321
115818,0.000,81.918,1.638,0.000
116355,27.030,81.918,1.638,44.285
116891,27.179,81.918,1.638,44.528
118447,26.766,81.918,1.638,43.852
118984,26.606,81.918,1.638,43.590
121050,26.901,81.918,1.638,44.074
122607,27.135,81.918,1.638,44.457
123143,27.183,81.918,1.638,44.534
123680,27.021,81.918,1.638,44.270
124216,26.685,81.918,1.638,43.719
124756,26.874,81.918,1.638,44.029
125291,26.677,81.918,1.638,43.707
125829,26.784,81.918,1.638,43.881
126365,26.974,81.918,1.638,44.192
126901,26.669,81.918,1.638,43.693
127437,26.814,81.918,1.638,43.930
127973,26.616,81.918,1.638,43.607
128510,26.897,81.918,1.638,44.068
129045,0.000,81.918,1.638,0.000
129582,20.849,81.503,1.630,33.985
130119,26.620,81.918,1.638,43.613
131165,26.995,81.918,1.638,44.227
131701,26.689,81.918,1.638,43.726
132237,26.879,81.918,1.638,44.037
132776,0.000,81.918,1.638,0.000
133313,26.642,81.918,1.638,43.650
133849,27.028,81.918,1.638,44.281
134386,27.292,81.918,1.638,44.715
134922,27.335,81.918,1.638,44.784
135458,26.821,81.918,1.638,43.943
135994,27.196,74.075,1.481,40.291
136531,26.577,81.918,1.638,43.543
137067,27.013,81.918,1.638,44.256
137602,26.910,81.918,1.638,44.088
139159,26.942,81.918,1.638,44.141
139695,26.706,81.918,1.638,43.754
140231,0.000,81.918,1.638,0.000
140768,26.879,81.918,1.638,44.037
141813,26.979,81.918,1.638,44.201
142354,27.129,81.918,1.638,44.446
142890,26.859,81.918,1.638,44.004
143426,26.944,81.918,1.638,44.143
144472,26.446,81.918,1.638,43.328
145009,27.270,80.650,1.613,43.987
146056,27.134,81.918,1.638,44.455
146592,26.696,81.918,1.638,43.738
148149,27.010,81.918,1.638,44.252
148686,26.933,77.770,1.555,41.891
149222,26.599,81.918,1.638,43.578
150779,27.138,81.918,1.638,44.461
151825,26.691,81.918,1.638,43.730
152362,26.862,81.918,1.638,44.010
152899,26.871,81.918,1.638,44.025
153946,27.045,81.918,1.638,44.309
155507,27.048,81.918,1.638,44.313
156043,26.805,81.918,1.638,43.916
156579,27.035,81.918,1.638,44.293
157626,26.878,81.918,1.638,44.035
158162,27.278,81.918,1.638,44.690
158697,0.000,81.918,1.638,0.000
159233,26.895,81.918,1.638,44.063
160280,81.919,81.918,1.638,134.212
160816,27.169,81.918,1.638,44.512
162372,26.931,81.918,1.638,44.123
162908,26.881,81.918,1.638,44.041
163443,26.964,81.918,1.638,44.176
163980,26.670,81.918,1.638,43.695
164516,26.870,68.810,1.376,36.978
165056,26.879,81.918,1.638,44.037
166103,26.839,81.918,1.638,43.971
166639,26.960,81.918,1.638,44.170
167175,26.794,81.918,1.638,43.898
167711,26.755,81.918,1.638,43.834
168247,26.879,79.408,1.588,42.687
168782,0.000,81.918,1.638,0.000
169830,26.781,81.918,1.638,43.877
171385,27.055,81.918,1.638,44.326
171921,27.237,81.918,1.638,44.625
172456,27.013,81.918,1.638,44.256
172993,26.767,81.918,1.638,43.855
173529,26.990,81.918,1.638,44.219
174065,20.849,81.918,1.638,34.158
174601,27.161,81.918,1.638,44.500
175140,26.850,81.918,1.638,43.990
175677,26.972,81.918,1.638,44.190
177744,28.159,81.918,1.638,46.134
178280,27.215,81.918,1.638,44.588
178816,27.039,81.918,1.638,44.299
179863,27.069,81.918,1.638,44.348
180400,27.066,81.918,1.638,44.344
180936,26.921,81.918,1.638,44.106
181982,27.011,81.918,1.638,44.254
182518,26.917,81.918,1.638,44.100
183055,26.614,81.918,1.638,43.603
183591,26.905,78.753,1.575,42.377
184127,26.904,81.918,1.638,44.078
184663,27.035,81.918,1.638,44.293
185200,27.015,81.918,1.638,44.260
186761,27.336,81.918,1.638,44.786
187296,0.000,81.918,1.638,0.000
187832,0.000,81.918,1.638,0.000
189389,27.021,81.918,1.638,44.270
190436,27.218,81.918,1.638,44.592
190972,26.895,81.918,1.638,44.063
191508,27.004,81.918,1.638,44.242
192045,27.041,81.918,1.638,44.303
192580,26.843,81.918,1.638,43.977
193117,27.034,81.918,1.638,44.291
193653,27.144,81.918,1.638,44.471
194189,26.972,81.918,1.638,44.190
194726,30.719,81.918,1.638,50.328
195262,27.359,68.738,1.375,37.611
195798,26.841,81.918,1.638,43.975
196332,26.794,81.918,1.638,43.898
196868,26.926,81.918,1.638,44.115
197403,26.812,81.918,1.638,43.928
197940,27.163,81.918,1.638,44.502
198477,26.976,81.918,1.638,44.197
200035,26.684,81.918,1.638,43.717
200571,26.999,81.918,1.638,44.233
201617,27.260,81.918,1.638,44.661
202664,26.444,81.918,1.638,43.324
203709,26.966,81.918,1.638,44.180
204756,27.060,81.918,1.638,44.334
205292,26.736,81.918,1.638,43.803
205829,27.126,81.918,1.638,44.442
206365,27.009,81.918,1.638,44.250
206904,0.000,81.918,1.638,0.000
207951,26.865,81.918,1.638,44.014
209508,27.235,81.918,1.638,44.620
210043,26.954,81.918,1.638,44.160
211091,27.275,81.918,1.638,44.686
211628,27.046,81.918,1.638,44.311
212164,26.698,-0.002,-0.000,-0.001
212700,27.052,81.918,1.638,44.321
213236,26.865,81.918,1.638,44.014
213773,27.323,81.918,1.638,44.764
214309,81.919,81.918,1.638,134.212
214844,27.011,80.715,1.614,43.604
215381,26.788,81.918,1.638,43.887
216429,27.014,81.918,1.638,44.258
216964,27.048,81.918,1.638,44.313
217505,26.934,81.918,1.638,44.127
218041,26.984,81.918,1.638,44.209
219598,27.030,81.918,1.638,44.285
220133,0.000,81.918,1.638,0.000
220669,0.000,81.918,1.638,0.000
221206,26.795,81.918,1.638,43.900
221742,26.546,81.918,1.638,43.492
222279,27.142,81.918,1.638,44.469
223326,26.744,81.918,1.638,43.816
224372,27.132,81.918,1.638,44.453
224909,26.859,81.918,1.638,44.004
225445,26.632,81.918,1.638,43.633
225980,28.159,81.918,1.638,46.134
226516,0.000,81.918,1.638,0.000
227053,26.791,81.918,1.638,43.893
227593,26.901,81.918,1.638,44.074
228129,27.101,41.697,0.834,22.601
228666,26.837,81.918,1.638,43.969
229202,26.721,81.918,1.638,43.779
229738,26.687,81.918,1.638,43.723
230274,26.989,81.918,1.638,44.217
231322,27.108,81.895,1.638,44.3;9
231858,26.879,81.918,1.638,44.037
232393,0.000,81.918,1.638,0.000
233951,26.950,81.918,1.638,44.154
235509,27.199,81.918,1.638,44.561
236555,27.235,81.918,1.638,44.620
237090,27.186,81.918,1.638,44.541
237627,26.934,81.918,1.638,44.127
238167,26.820,81.918,1.638,43.941
238703,26.812,81.918,1.638,43.928
239239,26.991,81.918,1.638,44.221
239776,26.759,81.918,1.638,43.840
240312,0.000,81.918,1.638,0.000
241869,81.919,81.918,1.638,134.212
242405,26.904,81.918,1.638,44.078
242941,26.823,81.918,1.638,43.945
243477,26.880,81.918,1.638,44.039
244013,26.856,81.918,1.638,44.000
244549,27.114,81.918,1.638,44.422
245085,27.199,81.918,1.638,44.561
245621,27.089,81.918,1.638,44.381
246157,26.917,81.918,1.638,44.100
246692,27.015,81.918,1.638,44.260
247233,40.959,81.918,1.638,67.105
247769,40.959,81.918,1.638,67.105
248305,26.785,81.918,1.638,43.883
248841,30.719,81.918,1.638,50.328
249376,26.814,81.918,1.638,43.930
249913,26.974,81.918,1.638,44.192
250449,27.165,80.912,1.618,43.960
250984,0.000,81.918,1.638,0.000
251521,27.229,81.918,1.638,44.610
252057,26.433,81.918,1.638,43.306
252593,27.065,81.918,1.638,44.342
253129,30.719,81.918,1.638,50.328
253665,26.904,81.918,1.638,44.078
254200,0.000,81.918,1.638,0.000
254737,26.674,81.918,1.638,43.701
255787,26.885,81.918,1.638,44.047
256323,40.959,81.918,1.638,67.105
256860,26.906,81.918,1.638,44.082
257396,26.786,81.918,1.638,43.885
258442,26.879,81.918,1.638,44.037
258979,26.879,70.702,1.414,38.008
259515,26.970,81.918,1.638,44.186
261070,26.559,81.698,1.634,43.396
262116,26.886,81.918,1.638,44.049
262653,26.827,81.918,1.638,43.953
263189,26.659,81.918,1.638,43.676
263725,26.853,81.918,1.638,43.994
264260,0.000,81.918,1.638,0.000
265817,26.888,81.918,1.638,44.051
266357,27.140,74.575,1.491,40.479
266893,26.593,81.918,1.638,43.568
267430,26.734,81.918,1.638,43.799
267965,0.000,81.918,1.638,0.000
268502,26.836,81.918,1.638,43.967
269548,26.959,79.930,1.599,43.096
270085,26.989,81.918,1.638,44.217
270621,26.680,81.918,1.638,43.711
271157,26.824,81.918,1.638,43.947
272204,3.379,-2.440,-0.049,-0.165
272741,3.311,-0.632,-0.013,-0.042
273277,3.256,-0.942,-0.019,-0.061
273814,3.203,-0.837,-0.017,-0.054
274350,3.150,-1.205,-0.024,-0.076
274887,3.095,-0.925,-0.019,-0.057
275427,3.040,-1.293,-0.026,-0.079
275963,2.979,-0.360,-0.007,-0.021
276499,2.935,-0.967,-0.019,-0.057
277036,2.881,-0.403,-0.008,-0.023
277572,2.828,-0.710,-0.014,-0.040
278108,2.780,-0.240,-0.005,-0.013
278644,2.745,-0.567,-0.011,-0.031
279181,2.693,-0.470,-0.009,-0.025
279717,2.660,-0.498,-0.010,-0.026
280253,2.619,-0.285,-0.006,-0.015
280789,2.576,-0.322,-0.006,-0.017
281326,2.529,-0.233,-0.005,-0.012
281862,2.489,-0.455,-0.009,-0.023
282398,2.444,-0.058,-0.001,-0.003
282934,2.405,-0.160,-0.003,-0.008
283474,2.360,-0.070,-0.001,-0.003
